{
  "MaxSensorId": "850a169e-1316-4a2c-8c7c-77bdf45712db",
  "MeanValue": 20501.5548,
  "MeanByZone": {
    "Z01": 21708.116666666666666666666667,
    "Z02": 17772.445555555555555555555556,
    "Z03": 21319.114864864864864864864865
  },
  "ActiveCountByZone": {
    "Z01": 18,
    "Z02": 18,
    "Z03": 19
  }
}